{
  "features": [
    "pkt_rate",
    "pkt_size",
    "seq_gap",
    "iat_var"
  ],
  "quant_bits": 16,
  "params": [
    {
      "lo": 78.55300782987536,
      "hi": 1523.6695478538295
    },
    {
      "lo": 5.889247338655544,
      "hi": 781.6179078136214
    },
    {
      "lo": -1.3302498852898594,
      "hi": 67.94599253460773
    },
    {
      "lo": -4.903879640024065,
      "hi": 174.72148364797332
    }
  ]
}